Dataset,Input Type,Model,Data Split,Precision,Recall,F1 Score,Accuracy, Time(min)
Fashion-MNIST,Liniarized Images,LeNet-5 wihout Augmentation,Test,0.9065563106717273,0.9063,0.9061483140489736,0.9063, 147
Fashion-MNIST,Liniarized Images,LeNet-5 with Augmentation,Test,0.8755132953341419,0.8755,0.8751317662321362,0.8755, 224
Fashion-MNIST,Liniarized Images,MLP,Test,0.8900005849078773,0.8905,0.8897909950937488,0.8905, 96
Fashion-MNIST,HOG-PCA20 Attributes,MLP,Test,0.8307385914053166,0.8315,0.8308377880204196,0.8315,
Fashion-MNIST,Liniarized Images,Finetuned ResNet18,Test,0.9378158226143604,0.938,0.9377731496879145,0.938
Fruits-360,PCA70 Extracted Attributes,MLP,Test,0.8845864599174206,0.8798802544592741,0.8790716046219854,0.8798802544592741
Fruits-360,Linearized Images,MLP,Test,0.9061307482061662,0.9093592782004907,0.9011272801424414,0.9093592782004907, 435
Fruits-360,Liniarized Images,Finetuned ResNet18,Test,0.9754046659930006,0.9697725666292462,0.9691947289265535,0.9697725666292462
Fruits-360,Linearized Images without Augmentation,LeNet-5,Test,0.9082421932543709,0.9102324227682841,0.9032750983492134,0.9102324227682841, 567
